{
  "swagger": "2.0",
  "info": {
    "description": "The Selling Partner API for Notifications lets you subscribe to notifications that are relevant to a selling partner's business. Using this API you can create a destination to receive notifications, subscribe to notifications, delete notification subscriptions, and more.\n\nFor more information, see the [Notifications Use Case Guide](https://github.com/amzn/selling-partner-api-docs/blob/main/guides/en-US/use-case-guides/notifications-api-use-case-guide/notifications-use-case-guide-v1.md)",
    "version": "v1",
    "title": "Selling Partner API for Notifications",
    "contact": {
      "name": "Selling Partner API Developer Support",
      "url": "https://sellercentral.amazon.com/gp/mws/contactus.html"
    },
    "license": {
      "name": "Apache License 2.0",
      "url": "http://www.apache.org/licenses/LICENSE-2.0"
    }
  },
  "host": "sellingpartnerapi-na.amazon.com",
  "schemes": [
    "https"
  ],
  "consumes": [
    "application/json"
  ],
  "produces": [
    "application/json"
  ],
  "paths": {
    "/notifications/v1/subscriptions/{notificationType}": {
      "get": {
        "tags": [
          "notifications"
        ],
        "description": "Returns information about subscriptions of the specified notification type. You can use this API to get subscription information when you do not have a subscription identifier.\n\n**Usage Plan:**\n\n| Rate (requests per second) | Burst |\n| ---- | ---- |\n| 1 | 5 |\n\nFor more information, see \"Usage Plans and Rate Limits\" in the Selling Partner API documentation.",
        "operationId": "getSubscription",
        "parameters": [
          {
            "$ref": "#/parameters/NotificationType"
          }
        ],
        "responses": {
          "200": {
            "description": "Success.",
            "schema": {
              "$ref": "#/definitions/GetSubscriptionResponse"
            },
            "examples": {
              "Successful Response": {
                "payload": {
                  "subscriptionId": "7fcacc7e-727b-11e9-8848-1681be663d3e",
                  "payloadVersion": "1.0",
                  "destinationId": "3acafc7e-121b-1329-8ae8-1571be663aa2"
                }
              }
            },
            "headers": {
              "x-amzn-RateLimit-Limit": {
                "type": "string",
                "description": "Your rate limit (requests per second) for this operation."
              },
              "x-amzn-RequestId": {
                "type": "string",
                "description": "Unique request reference identifier."
              }
            },
            "x-amzn-api-sandbox": {
              "static": [
                {
                  "request": {
                    "parameters": {}
                  },
                  "response": {
                    "payload": {
                      "subscriptionId": "TEST_CASE_200_SUBSCRIPTION_ID",
                      "payloadVersion": "1.0",
                      "destinationId": "TEST_CASE_200_DESTINATION_ID"
                    }
                  }
                }
              ]
            }
          },
          "400": {
            "description": "Request has missing or invalid parameters and cannot be parsed.",
            "schema": {
              "$ref": "#/definitions/GetSubscriptionResponse"
            },
            "headers": {
              "x-amzn-RateLimit-Limit": {
                "type": "string",
                "description": "Your rate limit (requests per second) for this operation."
              },
              "x-amzn-RequestId": {
                "type": "string",
                "description": "Unique request reference identifier."
              }
            }
          },
          "403": {
            "description": "Indicates that access to the resource is forbidden. Possible reasons include Access Denied, Unauthorized, Expired Token, or Invalid Signature.",
            "schema": {
              "$ref": "#/definitions/GetSubscriptionResponse"
            },
            "headers": {
              "x-amzn-RequestId": {
                "type": "string",
                "description": "Unique request reference identifier."
              }
            }
          },
          "404": {
            "description": "The resource specified does not exist.",
            "schema": {
              "$ref": "#/definitions/GetSubscriptionResponse"
            },
            "headers": {
              "x-amzn-RateLimit-Limit": {
                "type": "string",
                "description": "Your rate limit (requests per second) for this operation."
              },
              "x-amzn-RequestId": {
                "type": "string",
                "description": "Unique request reference identifier."
              }
            }
          },
          "413": {
            "description": "The request size exceeded the maximum accepted size.",
            "schema": {
              "$ref": "#/definitions/GetSubscriptionResponse"
            },
            "headers": {
              "x-amzn-RateLimit-Limit": {
                "type": "string",
                "description": "Your rate limit (requests per second) for this operation.\n_Note:_ For this status code, the rate limit header is deprecated and no longer returned."
              },
              "x-amzn-RequestId": {
                "type": "string",
                "description": "Unique request reference identifier."
              }
            }
          },
          "415": {
            "description": "The request payload is in an unsupported format.",
            "schema": {
              "$ref": "#/definitions/GetSubscriptionResponse"
            },
            "headers": {
              "x-amzn-RateLimit-Limit": {
                "type": "string",
                "description": "Your rate limit (requests per second) for this operation.\n_Note:_ For this status code, the rate limit header is deprecated and no longer returned."
              },
              "x-amzn-RequestId": {
                "type": "string",
                "description": "Unique request reference identifier."
              }
            }
          },
          "429": {
            "description": "The frequency of requests was greater than allowed.",
            "schema": {
              "$ref": "#/definitions/GetSubscriptionResponse"
            },
            "headers": {
              "x-amzn-RateLimit-Limit": {
                "type": "string",
                "description": "Your rate limit (requests per second) for this operation.\n_Note:_ For this status code, the rate limit header is deprecated and no longer returned."
              },
              "x-amzn-RequestId": {
                "type": "string",
                "description": "Unique request reference identifier."
              }
            }
          },
          "500": {
            "description": "An unexpected condition occurred that prevented the server from fulfilling the request.",
            "schema": {
              "$ref": "#/definitions/GetSubscriptionResponse"
            },
            "headers": {
              "x-amzn-RateLimit-Limit": {
                "type": "string",
                "description": "Your rate limit (requests per second) for this operation.\n_Note:_ For this status code, the rate limit header is deprecated and no longer returned."
              },
              "x-amzn-RequestId": {
                "type": "string",
                "description": "Unique request reference identifier."
              }
            }
          },
          "503": {
            "description": "Temporary overloading or maintenance of the server.",
            "schema": {
              "$ref": "#/definitions/GetSubscriptionResponse"
            },
            "headers": {
              "x-amzn-RateLimit-Limit": {
                "type": "string",
                "description": "Your rate limit (requests per second) for this operation.\n_Note:_ For this status code, the rate limit header is deprecated and no longer returned."
              },
              "x-amzn-RequestId": {
                "type": "string",
                "description": "Unique request reference identifier."
              }
            }
          }
        }
      },
      "post": {
        "tags": [
          "notifications"
        ],
        "description": "Creates a subscription for the specified notification type to be delivered to the specified destination. Before you can subscribe, you must first create the destination by calling the createDestination operation.\n\n**Usage Plan:**\n\n| Rate (requests per second) | Burst |\n| ---- | ---- |\n| 1 | 5 |\n\nFor more information, see \"Usage Plans and Rate Limits\" in the Selling Partner API documentation.",
        "operationId": "createSubscription",
        "parameters": [
          {
            "in": "body",
            "name": "body",
            "required": true,
            "schema": {
              "$ref": "#/definitions/CreateSubscriptionRequest"
            }
          },
          {
            "$ref": "#/parameters/NotificationType"
          }
        ],
        "responses": {
          "200": {
            "description": "Success.",
            "schema": {
              "$ref": "#/definitions/CreateSubscriptionResponse"
            },
            "examples": {
              "Successful Response": {
                "payload": {
                  "subscriptionId": "7fcacc7e-727b-11e9-8848-1681be663d3e",
                  "payloadVersion": "1.0",
                  "destinationId": "3acafc7e-121b-1329-8ae8-1571be663aa2"
                }
              }
            },
            "headers": {
              "x-amzn-RateLimit-Limit": {
                "type": "string",
                "description": "Your rate limit (requests per second) for this operation."
              },
              "x-amzn-RequestId": {
                "type": "string",
                "description": "Unique request reference identifier."
              }
            },
            "x-amzn-api-sandbox": {
              "static": [
                {
                  "request": {
                    "parameters": {}
                  },
                  "response": {
                    "payload": {
                      "subscriptionId": "TEST_CASE_200_SUBSCRIPTION_ID",
                      "payloadVersion": "1.0",
                      "destinationId": "TEST_CASE_200_DESTINATION_ID"
                    }
                  }
                }
              ]
            }
          },
          "400": {
            "description": "Request has missing or invalid parameters and cannot be parsed.",
            "schema": {
              "$ref": "#/definitions/CreateSubscriptionResponse"
            },
            "headers": {
              "x-amzn-RateLimit-Limit": {
                "type": "string",
                "description": "Your rate limit (requests per second) for this operation."
              },
              "x-amzn-RequestId": {
                "type": "string",
                "description": "Unique request reference identifier."
              }
            }
          },
          "403": {
            "description": "Indicates that access to the resource is forbidden. Possible reasons include Access Denied, Unauthorized, Expired Token, or Invalid Signature.",
            "schema": {
              "$ref": "#/definitions/CreateSubscriptionResponse"
            },
            "headers": {
              "x-amzn-RequestId": {
                "type": "string",
                "description": "Unique request reference identifier."
              }
            }
          },
          "404": {
            "description": "The resource specified does not exist.",
            "schema": {
              "$ref": "#/definitions/CreateSubscriptionResponse"
            },
            "headers": {
              "x-amzn-RateLimit-Limit": {
                "type": "string",
                "description": "Your rate limit (requests per second) for this operation."
              },
              "x-amzn-RequestId": {
                "type": "string",
                "description": "Unique request reference identifier."
              }
            }
          },
          "409": {
            "description": "The resource specified conflicts with the current state.",
            "schema": {
              "$ref": "#/definitions/CreateSubscriptionResponse"
            },
            "headers": {
              "x-amzn-RateLimit-Limit": {
                "type": "string",
                "description": "Your rate limit (requests per second) for this operation.\n_Note:_ For this status code, the rate limit header is deprecated and no longer returned."
              },
              "x-amzn-RequestId": {
                "type": "string",
                "description": "Unique request reference identifier."
              }
            }
          },
          "413": {
            "description": "The request size exceeded the maximum accepted size.",
            "schema": {
              "$ref": "#/definitions/CreateSubscriptionResponse"
            },
            "headers": {
              "x-amzn-RateLimit-Limit": {
                "type": "string",
                "description": "Your rate limit (requests per second) for this operation.\n_Note:_ For this status code, the rate limit header is deprecated and no longer returned."
              },
              "x-amzn-RequestId": {
                "type": "string",
                "description": "Unique request reference identifier."
              }
            }
          },
          "415": {
            "description": "The request payload is in an unsupported format.",
            "schema": {
              "$ref": "#/definitions/CreateSubscriptionResponse"
            },
            "headers": {
              "x-amzn-RateLimit-Limit": {
                "type": "string",
                "description": "Your rate limit (requests per second) for this operation.\n_Note:_ For this status code, the rate limit header is deprecated and no longer returned."
              },
              "x-amzn-RequestId": {
                "type": "string",
                "description": "Unique request reference identifier."
              }
            }
          },
          "429": {
            "description": "The frequency of requests was greater than allowed.",
            "schema": {
              "$ref": "#/definitions/CreateSubscriptionResponse"
            },
            "headers": {
              "x-amzn-RateLimit-Limit": {
                "type": "string",
                "description": "Your rate limit (requests per second) for this operation.\n_Note:_ For this status code, the rate limit header is deprecated and no longer returned."
              },
              "x-amzn-RequestId": {
                "type": "string",
                "description": "Unique request reference identifier."
              }
            }
          },
          "500": {
            "description": "An unexpected condition occurred that prevented the server from fulfilling the request.",
            "schema": {
              "$ref": "#/definitions/CreateSubscriptionResponse"
            },
            "headers": {
              "x-amzn-RateLimit-Limit": {
                "type": "string",
                "description": "Your rate limit (requests per second) for this operation.\n_Note:_ For this status code, the rate limit header is deprecated and no longer returned."
              },
              "x-amzn-RequestId": {
                "type": "string",
                "description": "Unique request reference identifier."
              }
            }
          },
          "503": {
            "description": "Temporary overloading or maintenance of the server.",
            "schema": {
              "$ref": "#/definitions/CreateSubscriptionResponse"
            },
            "headers": {
              "x-amzn-RateLimit-Limit": {
                "type": "string",
                "description": "Your rate limit (requests per second) for this operation.\n_Note:_ For this status code, the rate limit header is deprecated and no longer returned."
              },
              "x-amzn-RequestId": {
                "type": "string",
                "description": "Unique request reference identifier."
              }
            }
          }
        }
      }
    },
    "/notifications/v1/subscriptions/{notificationType}/{subscriptionId}": {
      "get": {
        "tags": [
          "notifications"
        ],
        "description": "Returns information about a subscription for the specified notification type. The getSubscriptionById API is grantless. For more information, see \"Grantless operations\" in the Selling Partner API Developer Guide.\n\n**Usage Plan:**\n\n| Rate (requests per second) | Burst |\n| ---- | ---- |\n| 1 | 5 |\n\nFor more information, see \"Usage Plans and Rate Limits\" in the Selling Partner API documentation.",
        "operationId": "getSubscriptionById",
        "parameters": [
          {
            "name": "subscriptionId",
            "in": "path",
            "description": "The identifier for the subscription that you want to get.",
            "required": true,
            "type": "string"
          },
          {
            "$ref": "#/parameters/NotificationType"
          }
        ],
        "responses": {
          "200": {
            "description": "Success.",
            "schema": {
              "$ref": "#/definitions/GetSubscriptionByIdResponse"
            },
            "examples": {
              "Successful Response": {
                "payload": {
                  "subscriptionId": "7fcacc7e-727b-11e9-8848-1681be663d3e",
                  "payloadVersion": "1.0",
                  "destinationId": "3acafc7e-121b-1329-8ae8-1571be663aa2"
                }
              }
            },
            "headers": {
              "x-amzn-RateLimit-Limit": {
                "type": "string",
                "description": "Your rate limit (requests per second) for this operation."
              },
              "x-amzn-RequestId": {
                "type": "string",
                "description": "Unique request reference identifier."
              }
            },
            "x-amzn-api-sandbox": {
              "static": [
                {
                  "request": {
                    "parameters": {}
                  },
                  "response": {
                    "payload": {
                      "subscriptionId": "TEST_CASE_200_SUBSCRIPTION_ID",
                      "payloadVersion": "1.0",
                      "destinationId": "TEST_CASE_200_DESTINATION_ID"
                    }
                  }
                }
              ]
            }
          },
          "400": {
            "description": "Request has missing or invalid parameters and cannot be parsed.",
            "schema": {
              "$ref": "#/definitions/GetSubscriptionByIdResponse"
            },
            "headers": {
              "x-amzn-RateLimit-Limit": {
                "type": "string",
                "description": "Your rate limit (requests per second) for this operation."
              },
              "x-amzn-RequestId": {
                "type": "string",
                "description": "Unique request reference identifier."
              }
            }
          },
          "403": {
            "description": "Indicates that access to the resource is forbidden. Possible reasons include Access Denied, Unauthorized, Expired Token, or Invalid Signature.",
            "schema": {
              "$ref": "#/definitions/GetSubscriptionByIdResponse"
            },
            "headers": {
              "x-amzn-RequestId": {
                "type": "string",
                "description": "Unique request reference identifier."
              }
            }
          },
          "404": {
            "description": "The resource specified does not exist.",
            "schema": {
              "$ref": "#/definitions/GetSubscriptionResponse"
            },
            "headers": {
              "x-amzn-RateLimit-Limit": {
                "type": "string",
                "description": "Your rate limit (requests per second) for this operation."
              },
              "x-amzn-RequestId": {
                "type": "string",
                "description": "Unique request reference identifier."
              }
            }
          },
          "409": {
            "description": "The resource specified conflicts with the current state.",
            "schema": {
              "$ref": "#/definitions/GetSubscriptionByIdResponse"
            },
            "headers": {
              "x-amzn-RateLimit-Limit": {
                "type": "string",
                "description": "Your rate limit (requests per second) for this operation.\n_Note:_ For this status code, the rate limit header is deprecated and no longer returned."
              },
              "x-amzn-RequestId": {
                "type": "string",
                "description": "Unique request reference identifier."
              }
            }
          },
          "413": {
            "description": "The request size exceeded the maximum accepted size.",
            "schema": {
              "$ref": "#/definitions/GetSubscriptionByIdResponse"
            },
            "headers": {
              "x-amzn-RateLimit-Limit": {
                "type": "string",
                "description": "Your rate limit (requests per second) for this operation.\n_Note:_ For this status code, the rate limit header is deprecated and no longer returned."
              },
              "x-amzn-RequestId": {
                "type": "string",
                "description": "Unique request reference identifier."
              }
            }
          },
          "415": {
            "description": "The request payload is in an unsupported format.",
            "schema": {
              "$ref": "#/definitions/GetSubscriptionByIdResponse"
            },
            "headers": {
              "x-amzn-RateLimit-Limit": {
                "type": "string",
                "description": "Your rate limit (requests per second) for this operation.\n_Note:_ For this status code, the rate limit header is deprecated and no longer returned."
              },
              "x-amzn-RequestId": {
                "type": "string",
                "description": "Unique request reference identifier."
              }
            }
          },
          "429": {
            "description": "The frequency of requests was greater than allowed.",
            "schema": {
              "$ref": "#/definitions/GetSubscriptionByIdResponse"
            },
            "headers": {
              "x-amzn-RateLimit-Limit": {
                "type": "string",
                "description": "Your rate limit (requests per second) for this operation.\n_Note:_ For this status code, the rate limit header is deprecated and no longer returned."
              },
              "x-amzn-RequestId": {
                "type": "string",
                "description": "Unique request reference identifier."
              }
            }
          },
          "500": {
            "description": "An unexpected condition occurred that prevented the server from fulfilling the request.",
            "schema": {
              "$ref": "#/definitions/GetSubscriptionByIdResponse"
            },
            "headers": {
              "x-amzn-RateLimit-Limit": {
                "type": "string",
                "description": "Your rate limit (requests per second) for this operation.\n_Note:_ For this status code, the rate limit header is deprecated and no longer returned."
              },
              "x-amzn-RequestId": {
                "type": "string",
                "description": "Unique request reference identifier."
              }
            }
          },
          "503": {
            "description": "Temporary overloading or maintenance of the server.",
            "schema": {
              "$ref": "#/definitions/GetSubscriptionByIdResponse"
            },
            "headers": {
              "x-amzn-RateLimit-Limit": {
                "type": "string",
                "description": "Your rate limit (requests per second) for this operation.\n_Note:_ For this status code, the rate limit header is deprecated and no longer returned."
              },
              "x-amzn-RequestId": {
                "type": "string",
                "description": "Unique request reference identifier."
              }
            }
          }
        }
      },
      "delete": {
        "tags": [
          "notifications"
        ],
        "description": "Deletes the subscription indicated by the subscription identifier and notification type that you specify. The subscription identifier can be for any subscription associated with your application. After you successfully call this operation, notifications will stop being sent for the associated subscription. The deleteSubscriptionById API is grantless. For more information, see \"Grantless operations\" in the Selling Partner API Developer Guide.\n\n**Usage Plan:**\n\n| Rate (requests per second) | Burst |\n| ---- | ---- |\n| 1 | 5 |\n\nFor more information, see \"Usage Plans and Rate Limits\" in the Selling Partner API documentation.",
        "operationId": "deleteSubscriptionById",
        "parameters": [
          {
            "name": "subscriptionId",
            "in": "path",
            "description": "The identifier for the subscription that you want to delete.",
            "required": true,
            "type": "string"
          },
          {
            "$ref": "#/parameters/NotificationType"
          }
        ],
        "responses": {
          "200": {
            "description": "Success.",
            "schema": {
              "$ref": "#/definitions/DeleteSubscriptionByIdResponse"
            },
            "examples": {
              "Successful Operation Response": {}
            },
            "headers": {
              "x-amzn-RateLimit-Limit": {
                "type": "string",
                "description": "Your rate limit (requests per second) for this operation."
              },
              "x-amzn-RequestId": {
                "type": "string",
                "description": "Unique request reference identifier."
              }
            },
            "x-amzn-api-sandbox": {
              "static": [
                {
                  "request": {
                    "parameters": {}
                  },
                  "response": {}
                }
              ]
            }
          },
          "400": {
            "description": "Request has missing or invalid parameters and cannot be parsed.",
            "schema": {
              "$ref": "#/definitions/DeleteSubscriptionByIdResponse"
            },
            "headers": {
              "x-amzn-RateLimit-Limit": {
                "type": "string",
                "description": "Your rate limit (requests per second) for this operation."
              },
              "x-amzn-RequestId": {
                "type": "string",
                "description": "Unique request reference identifier."
              }
            }
          },
          "403": {
            "description": "Indicates that access to the resource is forbidden. Possible reasons include Access Denied, Unauthorized, Expired Token, or Invalid Signature.",
            "schema": {
              "$ref": "#/definitions/DeleteSubscriptionByIdResponse"
            },
            "headers": {
              "x-amzn-RequestId": {
                "type": "string",
                "description": "Unique request reference identifier."
              }
            }
          },
          "404": {
            "description": "The resource specified does not exist.",
            "schema": {
              "$ref": "#/definitions/DeleteSubscriptionByIdResponse"
            },
            "headers": {
              "x-amzn-RateLimit-Limit": {
                "type": "string",
                "description": "Your rate limit (requests per second) for this operation."
              },
              "x-amzn-RequestId": {
                "type": "string",
                "description": "Unique request reference identifier."
              }
            }
          },
          "409": {
            "description": "The resource specified conflicts with the current state.",
            "schema": {
              "$ref": "#/definitions/DeleteSubscriptionByIdResponse"
            },
            "headers": {
              "x-amzn-RateLimit-Limit": {
                "type": "string",
                "description": "Your rate limit (requests per second) for this operation.\n_Note:_ For this status code, the rate limit header is deprecated and no longer returned."
              },
              "x-amzn-RequestId": {
                "type": "string",
                "description": "Unique request reference identifier."
              }
            }
          },
          "413": {
            "description": "The request size exceeded the maximum accepted size.",
            "schema": {
              "$ref": "#/definitions/DeleteSubscriptionByIdResponse"
            },
            "headers": {
              "x-amzn-RateLimit-Limit": {
                "type": "string",
                "description": "Your rate limit (requests per second) for this operation.\n_Note:_ For this status code, the rate limit header is deprecated and no longer returned."
              },
              "x-amzn-RequestId": {
                "type": "string",
                "description": "Unique request reference identifier."
              }
            }
          },
          "415": {
            "description": "The request payload is in an unsupported format.",
            "schema": {
              "$ref": "#/definitions/DeleteSubscriptionByIdResponse"
            },
            "headers": {
              "x-amzn-RateLimit-Limit": {
                "type": "string",
                "description": "Your rate limit (requests per second) for this operation.\n_Note:_ For this status code, the rate limit header is deprecated and no longer returned."
              },
              "x-amzn-RequestId": {
                "type": "string",
                "description": "Unique request reference identifier."
              }
            }
          },
          "429": {
            "description": "The frequency of requests was greater than allowed.",
            "schema": {
              "$ref": "#/definitions/DeleteSubscriptionByIdResponse"
            },
            "headers": {
              "x-amzn-RateLimit-Limit": {
                "type": "string",
                "description": "Your rate limit (requests per second) for this operation."
              },
              "x-amzn-RequestId": {
                "type": "string",
                "description": "Unique request reference identifier."
              }
            }
          },
          "500": {
            "description": "An unexpected condition occurred that prevented the server from fulfilling the request.",
            "schema": {
              "$ref": "#/definitions/DeleteSubscriptionByIdResponse"
            },
            "headers": {
              "x-amzn-RateLimit-Limit": {
                "type": "string",
                "description": "Your rate limit (requests per second) for this operation.\n_Note:_ For this status code, the rate limit header is deprecated and no longer returned."
              },
              "x-amzn-RequestId": {
                "type": "string",
                "description": "Unique request reference identifier."
              }
            }
          },
          "503": {
            "description": "Temporary overloading or maintenance of the server.",
            "schema": {
              "$ref": "#/definitions/DeleteSubscriptionByIdResponse"
            },
            "headers": {
              "x-amzn-RateLimit-Limit": {
                "type": "string",
                "description": "Your rate limit (requests per second) for this operation.\n_Note:_ For this status code, the rate limit header is deprecated and no longer returned."
              },
              "x-amzn-RequestId": {
                "type": "string",
                "description": "Unique request reference identifier."
              }
            }
          }
        }
      }
    },
    "/notifications/v1/destinations": {
      "get": {
        "tags": [
          "notifications"
        ],
        "description": "Returns information about all destinations. The getDestinations API is grantless. For more information, see \"Grantless operations\" in the Selling Partner API Developer Guide.\n\n**Usage Plan:**\n\n| Rate (requests per second) | Burst |\n| ---- | ---- |\n| 1 | 5 |\n\nFor more information, see \"Usage Plans and Rate Limits\" in the Selling Partner API documentation.",
        "operationId": "getDestinations",
        "parameters": [],
        "responses": {
          "200": {
            "description": "Success.",
            "schema": {
              "$ref": "#/definitions/GetDestinationsResponse"
            },
            "examples": {
              "Successful Response": {
                "payload": [
                  {
                    "destinationId": "9e7a83ee-7730-11e9-8f9e-2a86e4085a59",
                    "name": "SQSDestination",
                    "resource": {
                      "sqs": {
                        "arn": "arn:aws:sqs:us-east-2:444455556666:queue1"
                      }
                    }
                  }
                ]
              }
            },
            "headers": {
              "x-amzn-RateLimit-Limit": {
                "type": "string",
                "description": "Your rate limit (requests per second) for this operation."
              },
              "x-amzn-RequestId": {
                "type": "string",
                "description": "Unique request reference identifier."
              }
            },
            "x-amzn-api-sandbox": {
              "static": [
                {
                  "request": {
                    "parameters": {}
                  },
                  "response": {
                    "payload": [
                      {
                        "destinationId": "TEST_CASE_200",
                        "resource": {
                          "sqs": {
                            "arn": "arn:aws:sqs:us-east-2:444455556666:queue1"
                          }
                        },
                        "name": "SQSDestination"
                      }
                    ]
                  }
                }
              ]
            }
          },
          "400": {
            "description": "Request has missing or invalid parameters and cannot be parsed.",
            "schema": {
              "$ref": "#/definitions/GetDestinationsResponse"
            },
            "headers": {
              "x-amzn-RateLimit-Limit": {
                "type": "string",
                "description": "Your rate limit (requests per second) for this operation."
              },
              "x-amzn-RequestId": {
                "type": "string",
                "description": "Unique request reference identifier."
              }
            }
          },
          "403": {
            "description": "Indicates that access to the resource is forbidden. Possible reasons include Access Denied, Unauthorized, Expired Token, or Invalid Signature.",
            "schema": {
              "$ref": "#/definitions/GetDestinationsResponse"
            },
            "headers": {
              "x-amzn-RequestId": {
                "type": "string",
                "description": "Unique request reference identifier."
              }
            }
          },
          "404": {
            "description": "The resource specified does not exist.",
            "schema": {
              "$ref": "#/definitions/GetDestinationsResponse"
            },
            "headers": {
              "x-amzn-RateLimit-Limit": {
                "type": "string",
                "description": "Your rate limit (requests per second) for this operation."
              },
              "x-amzn-RequestId": {
                "type": "string",
                "description": "Unique request reference identifier."
              }
            }
          },
          "409": {
            "description": "The resource specified conflicts with the current state.",
            "schema": {
              "$ref": "#/definitions/GetDestinationsResponse"
            },
            "headers": {
              "x-amzn-RateLimit-Limit": {
                "type": "string",
                "description": "Your rate limit (requests per second) for this operation.\n_Note:_ For this status code, the rate limit header is deprecated and no longer returned."
              },
              "x-amzn-RequestId": {
                "type": "string",
                "description": "Unique request reference identifier."
              }
            }
          },
          "413": {
            "description": "The request size exceeded the maximum accepted size.",
            "schema": {
              "$ref": "#/definitions/GetDestinationsResponse"
            },
            "headers": {
              "x-amzn-RateLimit-Limit": {
                "type": "string",
                "description": "Your rate limit (requests per second) for this operation.\n_Note:_ For this status code, the rate limit header is deprecated and no longer returned."
              },
              "x-amzn-RequestId": {
                "type": "string",
                "description": "Unique request reference identifier."
              }
            }
          },
          "415": {
            "description": "The request payload is in an unsupported format.",
            "schema": {
              "$ref": "#/definitions/GetDestinationsResponse"
            },
            "headers": {
              "x-amzn-RateLimit-Limit": {
                "type": "string",
                "description": "Your rate limit (requests per second) for this operation.\n_Note:_ For this status code, the rate limit header is deprecated and no longer returned."
              },
              "x-amzn-RequestId": {
                "type": "string",
                "description": "Unique request reference identifier."
              }
            }
          },
          "429": {
            "description": "The frequency of requests was greater than allowed.",
            "schema": {
              "$ref": "#/definitions/GetDestinationsResponse"
            },
            "headers": {
              "x-amzn-RateLimit-Limit": {
                "type": "string",
                "description": "Your rate limit (requests per second) for this operation.\n_Note:_ For this status code, the rate limit header is deprecated and no longer returned."
              },
              "x-amzn-RequestId": {
                "type": "string",
                "description": "Unique request reference identifier."
              }
            }
          },
          "500": {
            "description": "An unexpected condition occurred that prevented the server from fulfilling the request.",
            "schema": {
              "$ref": "#/definitions/GetDestinationsResponse"
            },
            "headers": {
              "x-amzn-RateLimit-Limit": {
                "type": "string",
                "description": "Your rate limit (requests per second) for this operation.\n_Note:_ For this status code, the rate limit header is deprecated and no longer returned."
              },
              "x-amzn-RequestId": {
                "type": "string",
                "description": "Unique request reference identifier."
              }
            }
          },
          "503": {
            "description": "Temporary overloading or maintenance of the server.",
            "schema": {
              "$ref": "#/definitions/GetDestinationsResponse"
            },
            "headers": {
              "x-amzn-RateLimit-Limit": {
                "type": "string",
                "description": "Your rate limit (requests per second) for this operation.\n_Note:_ For this status code, the rate limit header is deprecated and no longer returned."
              },
              "x-amzn-RequestId": {
                "type": "string",
                "description": "Unique request reference identifier."
              }
            }
          }
        }
      },
      "post": {
        "tags": [
          "notifications"
        ],
        "description": "Creates a destination resource to receive notifications. The createDestination API is grantless. For more information, see \"Grantless operations\" in the Selling Partner API Developer Guide.\n\n**Usage Plan:**\n\n| Rate (requests per second) | Burst |\n| ---- | ---- |\n| 1 | 5 |\n\nFor more information, see \"Usage Plans and Rate Limits\" in the Selling Partner API documentation.",
        "operationId": "createDestination",
        "parameters": [
          {
            "in": "body",
            "name": "body",
            "required": true,
            "schema": {
              "$ref": "#/definitions/CreateDestinationRequest"
            }
          }
        ],
        "responses": {
          "200": {
            "description": "Success.",
            "schema": {
              "$ref": "#/definitions/CreateDestinationResponse"
            },
            "examples": {
              "Successful Response": {
                "payload": {
                  "destinationId": "9e7a83ee-7730-11e9-8f9e-2a86e4085a59",
                  "resource": {
                    "sqs": {
                      "arn": "arn:aws:sqs:us-east-2:444455556666:queue1"
                    }
                  },
                  "name": "SQSDestination"
                }
              }
            },
            "headers": {
              "x-amzn-RateLimit-Limit": {
                "type": "string",
                "description": "Your rate limit (requests per second) for this operation."
              },
              "x-amzn-RequestId": {
                "type": "string",
                "description": "Unique request reference identifier."
              }
            },
            "x-amzn-api-sandbox": {
              "static": [
                {
                  "request": {
                    "parameters": {}
                  },
                  "response": {
                    "payload": {
                      "destinationId": "TEST_CASE_200_DESTINATION_ID",
                      "resource": {
                        "sqs": {
                          "arn": "arn:aws:sqs:us-east-2:444455556666:queue1"
                        }
                      },
                      "name": "SQSDestination"
                    }
                  }
                }
              ]
            }
          },
          "400": {
            "description": "Request has missing or invalid parameters and cannot be parsed.",
            "schema": {
              "$ref": "#/definitions/CreateDestinationResponse"
            },
            "headers": {
              "x-amzn-RateLimit-Limit": {
                "type": "string",
                "description": "Your rate limit (requests per second) for this operation."
              },
              "x-amzn-RequestId": {
                "type": "string",
                "description": "Unique request reference identifier."
              }
            }
          },
          "403": {
            "description": "Indicates that access to the resource is forbidden. Possible reasons include Access Denied, Unauthorized, Expired Token, or Invalid Signature.",
            "schema": {
              "$ref": "#/definitions/CreateDestinationResponse"
            },
            "headers": {
              "x-amzn-RequestId": {
                "type": "string",
                "description": "Unique request reference identifier."
              }
            }
          },
          "404": {
            "description": "The resource specified does not exist.",
            "schema": {
              "$ref": "#/definitions/CreateDestinationResponse"
            },
            "headers": {
              "x-amzn-RateLimit-Limit": {
                "type": "string",
                "description": "Your rate limit (requests per second) for this operation."
              },
              "x-amzn-RequestId": {
                "type": "string",
                "description": "Unique request reference identifier."
              }
            }
          },
          "409": {
            "description": "The resource specified conflicts with the current state.",
            "schema": {
              "$ref": "#/definitions/CreateDestinationResponse"
            },
            "headers": {
              "x-amzn-RateLimit-Limit": {
                "type": "string",
                "description": "Your rate limit (requests per second) for this operation.\n_Note:_ For this status code, the rate limit header is deprecated and no longer returned."
              },
              "x-amzn-RequestId": {
                "type": "string",
                "description": "Unique request reference identifier."
              }
            }
          },
          "413": {
            "description": "The request size exceeded the maximum accepted size.",
            "schema": {
              "$ref": "#/definitions/CreateDestinationResponse"
            },
            "headers": {
              "x-amzn-RateLimit-Limit": {
                "type": "string",
                "description": "Your rate limit (requests per second) for this operation.\n_Note:_ For this status code, the rate limit header is deprecated and no longer returned."
              },
              "x-amzn-RequestId": {
                "type": "string",
                "description": "Unique request reference identifier."
              }
            }
          },
          "415": {
            "description": "The request payload is in an unsupported format.",
            "schema": {
              "$ref": "#/definitions/CreateDestinationResponse"
            },
            "headers": {
              "x-amzn-RateLimit-Limit": {
                "type": "string",
                "description": "Your rate limit (requests per second) for this operation.\n_Note:_ For this status code, the rate limit header is deprecated and no longer returned."
              },
              "x-amzn-RequestId": {
                "type": "string",
                "description": "Unique request reference identifier."
              }
            }
          },
          "429": {
            "description": "The frequency of requests was greater than allowed.",
            "schema": {
              "$ref": "#/definitions/CreateDestinationResponse"
            },
            "headers": {
              "x-amzn-RateLimit-Limit": {
                "type": "string",
                "description": "Your rate limit (requests per second) for this operation.\n_Note:_ For this status code, the rate limit header is deprecated and no longer returned."
              },
              "x-amzn-RequestId": {
                "type": "string",
                "description": "Unique request reference identifier."
              }
            }
          },
          "500": {
            "description": "An unexpected condition occurred that prevented the server from fulfilling the request.",
            "schema": {
              "$ref": "#/definitions/CreateDestinationResponse"
            },
            "headers": {
              "x-amzn-RateLimit-Limit": {
                "type": "string",
                "description": "Your rate limit (requests per second) for this operation.\n_Note:_ For this status code, the rate limit header is deprecated and no longer returned."
              },
              "x-amzn-RequestId": {
                "type": "string",
                "description": "Unique request reference identifier."
              }
            }
          },
          "503": {
            "description": "Temporary overloading or maintenance of the server.",
            "schema": {
              "$ref": "#/definitions/CreateDestinationResponse"
            },
            "headers": {
              "x-amzn-RateLimit-Limit": {
                "type": "string",
                "description": "Your rate limit (requests per second) for this operation.\n_Note:_ For this status code, the rate limit header is deprecated and no longer returned."
              },
              "x-amzn-RequestId": {
                "type": "string",
                "description": "Unique request reference identifier."
              }
            }
          }
        }
      }
    },
    "/notifications/v1/destinations/{destinationId}": {
      "get": {
        "tags": [
          "notifications"
        ],
        "description": "Returns information about the destination that you specify. The getDestination API is grantless. For more information, see \"Grantless operations\" in the Selling Partner API Developer Guide.\n\n**Usage Plan:**\n\n| Rate (requests per second) | Burst |\n| ---- | ---- |\n| 1 | 5 |\n\nFor more information, see \"Usage Plans and Rate Limits\" in the Selling Partner API documentation.",
        "operationId": "getDestination",
        "parameters": [
          {
            "name": "destinationId",
            "in": "path",
            "description": "The identifier generated when you created the destination.",
            "required": true,
            "type": "string"
          }
        ],
        "responses": {
          "200": {
            "description": "Success.",
            "schema": {
              "$ref": "#/definitions/GetDestinationResponse"
            },
            "examples": {
              "Successful Response": {
                "payload": {
                  "destinationId": "9e7a83ee-7730-11e9-8f9e-2a86e4085a59",
                  "name": "SQSDestination",
                  "resource": {
                    "sqs": {
                      "arn": "arn:aws:sqs:us-east-2:444455556666:queue1"
                    }
                  }
                }
              }
            },
            "headers": {
              "x-amzn-RateLimit-Limit": {
                "type": "string",
                "description": "Your rate limit (requests per second) for this operation."
              },
              "x-amzn-RequestId": {
                "type": "string",
                "description": "Unique request reference identifier."
              }
            },
            "x-amzn-api-sandbox": {
              "static": [
                {
                  "request": {
                    "parameters": {}
                  },
                  "response": {
                    "payload": {
                      "destinationId": "TEST_CASE_200_DESTINATION",
                      "resource": {
                        "sqs": {
                          "arn": "arn:aws:sqs:us-east-2:444455556666:queue1"
                        }
                      },
                      "name": "SQSDestination"
                    }
                  }
                }
              ]
            }
          },
          "400": {
            "description": "Request has missing or invalid parameters and cannot be parsed.",
            "schema": {
              "$ref": "#/definitions/GetDestinationResponse"
            },
            "headers": {
              "x-amzn-RateLimit-Limit": {
                "type": "string",
                "description": "Your rate limit (requests per second) for this operation."
              },
              "x-amzn-RequestId": {
                "type": "string",
                "description": "Unique request reference identifier."
              }
            }
          },
          "403": {
            "description": "Indicates that access to the resource is forbidden. Possible reasons include Access Denied, Unauthorized, Expired Token, or Invalid Signature.",
            "schema": {
              "$ref": "#/definitions/GetDestinationResponse"
            },
            "headers": {
              "x-amzn-RequestId": {
                "type": "string",
                "description": "Unique request reference identifier."
              }
            }
          },
          "404": {
            "description": "The resource specified does not exist.",
            "schema": {
              "$ref": "#/definitions/GetDestinationResponse"
            },
            "headers": {
              "x-amzn-RateLimit-Limit": {
                "type": "string",
                "description": "Your rate limit (requests per second) for this operation."
              },
              "x-amzn-RequestId": {
                "type": "string",
                "description": "Unique request reference identifier."
              }
            }
          },
          "409": {
            "description": "The resource specified conflicts with the current state.",
            "schema": {
              "$ref": "#/definitions/GetDestinationResponse"
            },
            "headers": {
              "x-amzn-RateLimit-Limit": {
                "type": "string",
                "description": "Your rate limit (requests per second) for this operation.\n_Note:_ For this status code, the rate limit header is deprecated and no longer returned."
              },
              "x-amzn-RequestId": {
                "type": "string",
                "description": "Unique request reference identifier."
              }
            }
          },
          "413": {
            "description": "The request size exceeded the maximum accepted size.",
            "schema": {
              "$ref": "#/definitions/GetDestinationResponse"
            },
            "headers": {
              "x-amzn-RateLimit-Limit": {
                "type": "string",
                "description": "Your rate limit (requests per second) for this operation.\n_Note:_ For this status code, the rate limit header is deprecated and no longer returned."
              },
              "x-amzn-RequestId": {
                "type": "string",
                "description": "Unique request reference identifier."
              }
            }
          },
          "415": {
            "description": "The request payload is in an unsupported format.",
            "schema": {
              "$ref": "#/definitions/GetDestinationResponse"
            },
            "headers": {
              "x-amzn-RateLimit-Limit": {
                "type": "string",
                "description": "Your rate limit (requests per second) for this operation.\n_Note:_ For this status code, the rate limit header is deprecated and no longer returned."
              },
              "x-amzn-RequestId": {
                "type": "string",
                "description": "Unique request reference identifier."
              }
            }
          },
          "429": {
            "description": "The frequency of requests was greater than allowed.",
            "schema": {
              "$ref": "#/definitions/GetDestinationResponse"
            },
            "headers": {
              "x-amzn-RateLimit-Limit": {
                "type": "string",
                "description": "Your rate limit (requests per second) for this operation.\n_Note:_ For this status code, the rate limit header is deprecated and no longer returned."
              },
              "x-amzn-RequestId": {
                "type": "string",
                "description": "Unique request reference identifier."
              }
            }
          },
          "500": {
            "description": "An unexpected condition occurred that prevented the server from fulfilling the request.",
            "schema": {
              "$ref": "#/definitions/GetDestinationResponse"
            },
            "headers": {
              "x-amzn-RateLimit-Limit": {
                "type": "string",
                "description": "Your rate limit (requests per second) for this operation.\n_Note:_ For this status code, the rate limit header is deprecated and no longer returned."
              },
              "x-amzn-RequestId": {
                "type": "string",
                "description": "Unique request reference identifier."
              }
            }
          },
          "503": {
            "description": "Temporary overloading or maintenance of the server.",
            "schema": {
              "$ref": "#/definitions/GetDestinationResponse"
            },
            "headers": {
              "x-amzn-RateLimit-Limit": {
                "type": "string",
                "description": "Your rate limit (requests per second) for this operation.\n_Note:_ For this status code, the rate limit header is deprecated and no longer returned."
              },
              "x-amzn-RequestId": {
                "type": "string",
                "description": "Unique request reference identifier."
              }
            }
          }
        }
      },
      "delete": {
        "tags": [
          "notifications"
        ],
        "description": "Deletes the destination that you specify. The deleteDestination API is grantless. For more information, see \"Grantless operations\" in the Selling Partner API Developer Guide.\n\n**Usage Plan:**\n\n| Rate (requests per second) | Burst |\n| ---- | ---- |\n| 1 | 5 |\n\nFor more information, see \"Usage Plans and Rate Limits\" in the Selling Partner API documentation.",
        "operationId": "deleteDestination",
        "parameters": [
          {
            "name": "destinationId",
            "in": "path",
            "description": "The identifier for the destination that you want to delete.",
            "required": true,
            "type": "string"
          }
        ],
        "responses": {
          "200": {
            "description": "Success.",
            "schema": {
              "$ref": "#/definitions/DeleteDestinationResponse"
            },
            "examples": {
              "Successful Response": {}
            },
            "headers": {
              "x-amzn-RateLimit-Limit": {
                "type": "string",
                "description": "Your rate limit (requests per second) for this operation."
              },
              "x-amzn-RequestId": {
                "type": "string",
                "description": "Unique request reference identifier."
              }
            },
            "x-amzn-api-sandbox": {
              "static": [
                {
                  "request": {
                    "parameters": {}
                  },
                  "response": {}
                }
              ]
            }
          },
          "400": {
            "description": "Request has missing or invalid parameters and cannot be parsed.",
            "schema": {
              "$ref": "#/definitions/DeleteDestinationResponse"
            },
            "headers": {
              "x-amzn-RateLimit-Limit": {
                "type": "string",
                "description": "Your rate limit (requests per second) for this operation."
              },
              "x-amzn-RequestId": {
                "type": "string",
                "description": "Unique request reference identifier."
              }
            }
          },
          "403": {
            "description": "Indicates that access to the resource is forbidden. Possible reasons include Access Denied, Unauthorized, Expired Token, or Invalid Signature.",
            "schema": {
              "$ref": "#/definitions/DeleteDestinationResponse"
            },
            "headers": {
              "x-amzn-RequestId": {
                "type": "string",
                "description": "Unique request reference identifier."
              }
            }
          },
          "404": {
            "description": "The resource specified does not exist.",
            "schema": {
              "$ref": "#/definitions/DeleteDestinationResponse"
            },
            "headers": {
              "x-amzn-RateLimit-Limit": {
                "type": "string",
                "description": "Your rate limit (requests per second) for this operation."
              },
              "x-amzn-RequestId": {
                "type": "string",
                "description": "Unique request reference identifier."
              }
            }
          },
          "409": {
            "description": "The resource specified conflicts with the current state.",
            "schema": {
              "$ref": "#/definitions/DeleteDestinationResponse"
            },
            "headers": {
              "x-amzn-RateLimit-Limit": {
                "type": "string",
                "description": "Your rate limit (requests per second) for this operation.\n_Note:_ For this status code, the rate limit header is deprecated and no longer returned."
              },
              "x-amzn-RequestId": {
                "type": "string",
                "description": "Unique request reference identifier."
              }
            }
          },
          "413": {
            "description": "The request size exceeded the maximum accepted size.",
            "schema": {
              "$ref": "#/definitions/DeleteDestinationResponse"
            },
            "headers": {
              "x-amzn-RateLimit-Limit": {
                "type": "string",
                "description": "Your rate limit (requests per second) for this operation.\n_Note:_ For this status code, the rate limit header is deprecated and no longer returned."
              },
              "x-amzn-RequestId": {
                "type": "string",
                "description": "Unique request reference identifier."
              }
            }
          },
          "415": {
            "description": "The request payload is in an unsupported format.",
            "schema": {
              "$ref": "#/definitions/DeleteDestinationResponse"
            },
            "headers": {
              "x-amzn-RateLimit-Limit": {
                "type": "string",
                "description": "Your rate limit (requests per second) for this operation.\n_Note:_ For this status code, the rate limit header is deprecated and no longer returned."
              },
              "x-amzn-RequestId": {
                "type": "string",
                "description": "Unique request reference identifier."
              }
            }
          },
          "429": {
            "description": "The frequency of requests was greater than allowed.",
            "schema": {
              "$ref": "#/definitions/DeleteDestinationResponse"
            },
            "headers": {
              "x-amzn-RateLimit-Limit": {
                "type": "string",
                "description": "Your rate limit (requests per second) for this operation.\n_Note:_ For this status code, the rate limit header is deprecated and no longer returned."
              },
              "x-amzn-RequestId": {
                "type": "string",
                "description": "Unique request reference identifier."
              }
            }
          },
          "500": {
            "description": "An unexpected condition occurred that prevented the server from fulfilling the request.",
            "schema": {
              "$ref": "#/definitions/DeleteDestinationResponse"
            },
            "headers": {
              "x-amzn-RateLimit-Limit": {
                "type": "string",
                "description": "Your rate limit (requests per second) for this operation.\n_Note:_ For this status code, the rate limit header is deprecated and no longer returned."
              },
              "x-amzn-RequestId": {
                "type": "string",
                "description": "Unique request reference identifier."
              }
            }
          },
          "503": {
            "description": "Temporary overloading or maintenance of the server.",
            "schema": {
              "$ref": "#/definitions/DeleteDestinationResponse"
            },
            "headers": {
              "x-amzn-RateLimit-Limit": {
                "type": "string",
                "description": "Your rate limit (requests per second) for this operation.\n_Note:_ For this status code, the rate limit header is deprecated and no longer returned."
              },
              "x-amzn-RequestId": {
                "type": "string",
                "description": "Unique request reference identifier."
              }
            }
          }
        }
      }
    }
  },
  "definitions": {
    "Subscription": {
      "type": "object",
      "required": [
        "destinationId",
        "payloadVersion",
        "subscriptionId"
      ],
      "properties": {
        "subscriptionId": {
          "type": "string",
          "description": "The subscription identifier generated when the subscription is created."
        },
        "payloadVersion": {
          "type": "string",
          "description": "The version of the payload object to be used in the notification."
        },
        "destinationId": {
          "type": "string",
          "description": "The identifier for the destination where notifications will be delivered."
        }
      },
      "description": "Represents a subscription to receive notifications."
    },
    "CreateSubscriptionResponse": {
      "type": "object",
      "properties": {
        "payload": {
          "description": "The payload for the createSubscription operation.",
          "$ref": "#/definitions/Subscription"
        },
        "errors": {
          "description": "One or more unexpected errors occurred during the createSubscription operation.",
          "$ref": "#/definitions/ErrorList"
        }
      },
      "description": "The response schema for the createSubscription operation."
    },
    "CreateSubscriptionRequest": {
      "type": "object",
      "properties": {
        "payloadVersion": {
          "type": "string",
          "description": "The version of the payload object to be used in the notification."
        },
        "destinationId": {
          "type": "string",
          "description": "The identifier for the destination where notifications will be delivered."
        }
      },
      "description": "The request schema for the createSubscription operation."
    },
    "GetSubscriptionByIdResponse": {
      "type": "object",
      "properties": {
        "payload": {
          "description": "The payload for the getSubscriptionById operation.",
          "$ref": "#/definitions/Subscription"
        },
        "errors": {
          "description": "An unexpected condition occurred during the getSubscriptionById operation.",
          "$ref": "#/definitions/ErrorList"
        }
      },
      "description": "The response schema for the getSubscriptionById operation."
    },
    "GetSubscriptionResponse": {
      "type": "object",
      "properties": {
        "payload": {
          "description": "The payload for the getSubscription operation.",
          "$ref": "#/definitions/Subscription"
        },
        "errors": {
          "description": "One or more unexpected errors occurred during the getSubscription operation.",
          "$ref": "#/definitions/ErrorList"
        }
      },
      "description": "The response schema for the getSubscription operation."
    },
    "DeleteSubscriptionByIdResponse": {
      "type": "object",
      "properties": {
        "errors": {
          "description": "An unexpected condition occurred during the deleteSubscriptionById operation.",
          "$ref": "#/definitions/ErrorList"
        }
      },
      "description": "The response schema for the deleteSubscriptionById operation."
    },
    "DestinationList": {
      "type": "array",
      "description": "A list of destinations.",
      "items": {
        "$ref": "#/definitions/Destination"
      }
    },
    "Destination": {
      "type": "object",
      "required": [
        "destinationId",
        "name",
        "resource"
      ],
      "properties": {
        "name": {
          "type": "string",
          "description": "The developer-defined name for this destination.",
          "maxLength": 256
        },
        "destinationId": {
          "type": "string",
          "description": "The destination identifier generated when you created the destination."
        },
        "resource": {
          "description": "The resource that will receive notifications associated with this destination.",
          "$ref": "#/definitions/DestinationResource"
        }
      },
      "description": "Represents a destination created when you call the createDestination operation."
    },
    "DestinationResource": {
      "type": "object",
      "properties": {
        "sqs": {
          "description": "An Amazon Simple Queue Service (SQS) queue destination.",
          "$ref": "#/definitions/SqsResource"
        },
        "eventBridge": {
          "description": "An Amazon EventBridge destination.",
          "$ref": "#/definitions/EventBridgeResource"
        }
      },
      "description": "The destination resource types."
    },
    "DestinationResourceSpecification": {
      "type": "object",
      "properties": {
        "sqs": {
          "description": "The information required to create an Amazon Simple Queue Service (SQS) queue destination.",
          "$ref": "#/definitions/SqsResource"
        },
        "eventBridge": {
          "description": "The information required to create an Amazon EventBridge destination.",
          "$ref": "#/definitions/EventBridgeResourceSpecification"
        }
      },
      "description": "The information required to create a destination resource. Applications should use one resource type (sqs or eventBridge) per destination."
    },
    "SqsResource": {
      "type": "object",
      "required": [
        "arn"
      ],
      "properties": {
        "arn": {
          "type": "string",
          "description": "The Amazon Resource Name (ARN) associated with the SQS queue.",
          "maxLength": 1000,
          "pattern": "^arn:aws:sqs:\\S+:\\S+:\\S+"
        }
      },
      "description": "The information required to create an Amazon Simple Queue Service (Amazon SQS) queue destination."
    },
    "EventBridgeResourceSpecification": {
      "type": "object",
      "required": [
        "accountId",
        "region"
      ],
      "properties": {
        "region": {
          "type": "string",
          "description": "The AWS region in which you will be receiving the notifications."
        },
        "accountId": {
          "type": "string",
          "description": "The identifier for the AWS account that is responsible for charges related to receiving notifications."
        }
      },
      "description": "The information required to create an Amazon EventBridge destination."
    },
    "EventBridgeResource": {
      "type": "object",
      "required": [
        "accountId",
        "name",
        "region"
      ],
      "properties": {
        "name": {
          "type": "string",
          "description": "The name of the partner event source associated with the destination.",
          "maxLength": 256
        },
        "region": {
          "type": "string",
          "description": "The AWS region in which you receive the notifications. For AWS regions that are supported in Amazon EventBridge, see https://docs.aws.amazon.com/general/latest/gr/ev.html."
        },
        "accountId": {
          "type": "string",
          "description": "The identifier for the AWS account that is responsible for charges related to receiving notifications."
        }
      },
      "description": "Represents an Amazon EventBridge destination."
    },
    "CreateDestinationRequest": {
      "type": "object",
      "required": [
        "name",
        "resourceSpecification"
      ],
      "properties": {
        "resourceSpecification": {
          "description": "The information required to create a destination resource. Applications should use one resource type (sqs or eventBridge) per destination.",
          "$ref": "#/definitions/DestinationResourceSpecification"
        },
        "name": {
          "type": "string",
          "description": "A developer-defined name to help identify this destination."
        }
      },
      "description": "The request schema for the createDestination operation."
    },
    "CreateDestinationResponse": {
      "type": "object",
      "properties": {
        "payload": {
          "description": "The payload for the createDestination operation.",
          "$ref": "#/definitions/Destination"
        },
        "errors": {
          "description": "One or more unexpected errors occurred during the createDestination operation.",
          "$ref": "#/definitions/ErrorList"
        }
      },
      "description": "The response schema for the createDestination operation."
    },
    "GetDestinationResponse": {
      "type": "object",
      "properties": {
        "payload": {
          "description": "The payload for the getDestination operation.",
          "$ref": "#/definitions/Destination"
        },
        "errors": {
          "description": "One or more unexpected errors occurred during the getDestination operation.",
          "$ref": "#/definitions/ErrorList"
        }
      },
      "description": "The response schema for the getDestination operation."
    },
    "GetDestinationsResponse": {
      "type": "object",
      "properties": {
        "payload": {
          "description": "The payload for the getDestinations operation.",
          "$ref": "#/definitions/DestinationList"
        },
        "errors": {
          "description": "One or more unexpected errors occurred during the getDestinations operation.",
          "$ref": "#/definitions/ErrorList"
        }
      },
      "description": "The response schema for the getDestinations operation."
    },
    "DeleteDestinationResponse": {
      "type": "object",
      "properties": {
        "errors": {
          "description": "One or more unexpected errors occurred during the deleteDestination operation.",
          "$ref": "#/definitions/ErrorList"
        }
      },
      "description": "The response schema for the deleteDestination operation."
    },
    "ErrorList": {
      "type": "array",
      "description": "A list of error responses returned when a request is unsuccessful.",
      "items": {
        "$ref": "#/definitions/Error"
      }
    },
    "Error": {
      "type": "object",
      "required": [
        "code",
        "message"
      ],
      "properties": {
        "code": {
          "type": "string",
          "description": "An error code that identifies the type of error that occurred."
        },
        "message": {
          "type": "string",
          "description": "A message that describes the error condition in a human-readable form."
        },
        "details": {
          "type": "string",
          "description": "Additional details that can help the caller understand or fix the issue."
        }
      },
      "description": "Error response returned when the request is unsuccessful."
    }
  },
  "parameters": {
    "NotificationType": {
      "name": "notificationType",
      "in": "path",
      "description": "The type of notification.\n\n For more information about notification types, see [the Notifications API Use Case Guide](https://github.com/amzn/selling-partner-api-docs/blob/main/guides/en-US/use-case-guides/notifications-api-use-case-guide/notifications-use-case-guide-v1.md).",
      "required": true,
      "type": "string",
      "enum": [
        "ANY_OFFER_CHANGED",
        "FEED_PROCESSING_FINISHED",
        "FBA_OUTBOUND_SHIPMENT_STATUS",
        "FEE_PROMOTION",
        "FULFILLMENT_ORDER_STATUS",
        "REPORT_PROCESSING_FINISHED",
        "BRANDED_ITEM_CONTENT_CHANGE",
        "ITEM_PRODUCT_TYPE_CHANGE",
        "LISTINGS_ITEM_STATUS_CHANGE",
        "LISTINGS_ITEM_ISSUES_CHANGE",
        "MFN_ORDER_STATUS_CHANGE",
        "B2B_ANY_OFFER_CHANGED",
        "ACCOUNT_STATUS_CHANGED",
        "PRODUCT_TYPE_DEFINITIONS_CHANGE"
      ],
      "x-docgen-enum-table-extension": [
        {
          "value": "ANY_OFFER_CHANGED",
          "description": "Sent whenever there is a listing change for any of the top 20 offers, by condition (new or used), or if the external price (the price from other retailers) changes for an item listed by the seller. The top 20 offers are determined by the landed price, which is the price plus shipping minus Amazon Points. If multiple sellers are charging the same landed price, the results will be returned in random order.\n\n These notifications are only sent for items for which the seller has active offers. You cannot subscribe to notifications for items for which the seller does not have active offers."
        },
        {
          "value": "FEED_PROCESSING_FINISHED",
          "description": "Sent whenever any feed submitted using the Selling Partner API for Feeds reaches a feed processing status of DONE or CANCELLED."
        },
        {
          "value": "FBA_OUTBOUND_SHIPMENT_STATUS",
          "description": "Sent whenever Amazon creates or cancels a Fulfillment by Amazon shipment for a seller. This notification is only for FBA Onsite shipments. This notification is available only in the Brazil marketplace."
        },
        {
          "value": "FEE_PROMOTION",
          "description": "Sent when a promotion becomes active. Sellers can benefit from time-limited fee promotions. To receive notifications of these fee promotions on behalf of the seller, subscribe to the FEE_PROMOTION notification. All currently active promotions are sent at first, with each promotion sent as a single message. Subsequent notifications are sent when the promotion becomes active."
        },
        {
          "value": "FULFILLMENT_ORDER_STATUS",
          "description": "Sent whenever there is a change in the status of a Multi-Channel Fulfillment order.\n\n Multi-Channel Fulfillment is a program where sellers use their FBA inventory to fulfill orders not sold on the retail site."
        },
        {
          "value": "REPORT_PROCESSING_FINISHED",
          "description": "Sent whenever any report that you have requested using the Selling Partner API for Reports reaches a report processing status of DONE, CANCELLED, or FATAL."
        },
        {
          "value": "BRANDED_ITEM_CONTENT_CHANGE",
          "description": "Sent whenever there is a change to the title, description, or bullet points for any ASIN that the selling partner has a brand relationship with."
        },
        {
          "value": "ITEM_PRODUCT_TYPE_CHANGE",
          "description": "Sent whenever there is a change to the product type name of any ASIN that the selling partner has a brand relationship with."
        },
        {
          "value": "LISTINGS_ITEM_STATUS_CHANGE",
          "description": "Sent whenever there is a listing status change including buyable transition, discoverable transition, listing create or delete for any SKU that the selling partner has."
        },
        {
          "value": "LISTINGS_ITEM_ISSUES_CHANGE",
          "description": "Sent whenever there are issues change for any SKU that the selling partner has."
        },
        {
          "value": "PRODUCT_TYPE_DEFINITIONS_CHANGE",
          "description": "Sent whenever there is a new Product Type or a Product Type Version in a marketplace."
        },
        {
          "value": "MFN_ORDER_STATUS_CHANGE",
          "description": "Sent whenever there is a change in the status of an MFN order availability."
        },
        {
          "value": "B2B_ANY_OFFER_CHANGED",
          "description": "Sent whenever there is a listing change for any of the top 20 B2B offers, by condition (new or used). The top 20 offers are determined by the landed price, which is the price plus shipping minus Amazon Points(applicable only JP). If multiple sellers are charging the same landed price, the results will be returned in random order.\n\n These notifications are only sent for items for which the seller has active offers. Seller cannot receive notifications for items for which the seller does not have active offers."
        },
        {
          "value": "ACCOUNT_STATUS_CHANGED",
          "description": "Sent whenever the Account Status changes for the developers subscribed merchant/marketplace pairs. A notification is published whenever the merchant's account status changes between NORMAL, AT_RISK, and DEACTIVATED.\n\n The notification will have a payload with 2 fields: previousAccountStatus and currentAccountStatus to indicate the direction of the change."
        }
      ]
    }
  }
}
